Women Printed Viscose Rayon Straight Kurta , ₹384 , KJFAB , Clothing and Accessories
Women Printed Viscose Rayon Gown Kurta , ₹465 , MF HAYAT , Clothing and Accessories
Boys Casual Kurta and Pyjama Set , ₹226 , FTC FASHIONS , Clothing and Accessories
Boys Casual Kurta and Pyjama Set , ₹226 , DIGIMART , Clothing and Accessories
Boys Casual Kurta and Pyjama Set , ₹226 , DIGIMART , Clothing and Accessories
Boys Casual Kurta and Pyjama Set , ₹151 , DIGIMART , Clothing and Accessories
Women Pure Cotton Kurta Pant Dupatta Set , ₹779 , Klosia , Clothing and Accessories
Women Pure Cotton Kurta Pant Set , ₹699 , Klosia , Clothing and Accessories
Women Printed Cotton Rayon Straight Kurta , ₹293 , GREYSHADE , Clothing and Accessories
Girls Casual Festive & Party Formal Wedding Kurta an... , ₹419 , Vetrokart , Clothing and Accessories
Women Viscose Rayon Kurta Palazzo Set , ₹639 , Chaukas , Clothing and Accessories
Women Viscose Rayon Kurta Pant Dupatta Set , ₹779 , Klosia , Clothing and Accessories
Women Printed Viscose Rayon Anarkali Kurta , ₹395 , Madfury , Clothing and Accessories
Girls Festive & Party Casual Formal Wedding Kurta an... , ₹419 , Vetrokart , Clothing and Accessories
Women Printed Cotton Rayon A-line Kurta , ₹629 , CEE 18 , Clothing and Accessories
Boys Casual Kurta and Pyjama Set , ₹399 , vuriq , Clothing and Accessories
Women Printed Pure Cotton Anarkali Kurta , ₹449 , Tulsiram , Clothing and Accessories
Women Printed Viscose Rayon Anarkali Kurta , ₹399 , Wifey , Clothing and Accessories
Women Printed Cotton Blend Straight Kurta , ₹311 , Shions , Clothing and Accessories
Women Printed Viscose Rayon Ethnic Dress , ₹379 , Saabhi , Clothing and Accessories
Men Printed Cotton Blend A-line Kurta , ₹434 , DIMMY , Clothing and Accessories
Women Relaxed Grey Cotton Blend Trousers , ₹295 , swaggish , Clothing and Accessories
Women Geometric Print Viscose Rayon Anarkali Kurta , ₹249 , Intizer , Clothing and Accessories
Women Printed Viscose Rayon Anarkali Kurta , ₹464 , Aj Art , Clothing and Accessories
Women Striped Pure Cotton A-line Kurta , ₹329 , Rimeline Fashion , Clothing and Accessories
Women Printed Viscose Rayon Anarkali Kurta , ₹140 , SEAKART , Clothing and Accessories
Women Printed Viscose Rayon Anarkali Kurta , ₹360 , SUUT CLOTHING , Clothing and Accessories
Women Printed Viscose Rayon Anarkali Kurta , ₹384 , SUUT CLOTHING , Clothing and Accessories
Women Silk Blend Kurta Pant Set , ₹709 , VredeVogel , Clothing and Accessories
Women Printed Viscose Rayon Anarkali Kurta , ₹409 , Dress21 , Clothing and Accessories
Women Printed Viscose Rayon Anarkali Kurta , ₹366 , SUUT CLOTHING , Clothing and Accessories
Women Printed Viscose Rayon Ethnic Dress , ₹379 , Saabhi , Clothing and Accessories
Women Printed Viscose Rayon Anarkali Kurta , ₹402 , RAAKA , Clothing and Accessories
Women Embroidered Cotton Rayon Straight Kurta , ₹494 , fantasy fab , Clothing and Accessories
Women Printed Viscose Rayon Straight Kurta , ₹382 , God Bless , Clothing and Accessories
Women Silk Blend Kurta Pant Set , ₹709 , VredeVogel , Clothing and Accessories
Women Cotton Silk Kurta Pant Set , ₹709 , VredeVogel , Clothing and Accessories
Women Printed Pure Cotton Anarkali Kurta , ₹449 , Tulsiram , Clothing and Accessories
Women Printed Pure Cotton Anarkali Kurta , ₹449 , Tulsiram , Clothing and Accessories
Women Printed Viscose Rayon Ethnic Dress , ₹379 , Saabhi , Clothing and Accessories
