Women High-Rise Trousers , ₹1049 , Next One , Formal Wear
Women Cotton Formal Trouser , ₹859 , FITHUB , Formal Wear
Women Formal Trousers , ₹472 , CHIC BY TOKYO TALKIES , Formal Wear
Women Flared Trousers , ₹783 , Smarty Pants , Formal Wear
Men Checked Formal Trousers , ₹1379 , Raymond , Formal Wear
Women Loose Fit High-Rise Trousers , ₹899 , BROADSTAR , Formal Wear
Wide Leg Loose Fit Trouser , ₹1049 , BROADSTAR , Formal Wear
Men Slim Fit Formal Trousers , ₹1379 , Raymond , Formal Wear
Women Formal Trouser , ₹1199 , Next One , Formal Wear
Women Cotton Formal Trousers , ₹799 , FITHUB , Formal Wear
Women Cotton Formal Trousers , ₹783 , Smarty Pants , Formal Wear
Women High-Rise Trousers , ₹929 , BROADSTAR , Formal Wear
Men Slim Fit Formal Trousers , ₹1034 , INVICTUS , Formal Wear
Women Cotton Formal Trouser , ₹859 , FITHUB , Formal Wear
Women Mid-Rise Formal Trouser , ₹849 , V-Mart , Formal Wear
Women Pleated Formal Trouser , ₹989 , Next One , Formal Wear
Men Slim Fit Formal Trousers , ₹1034 , Raymond , Formal Wear
Women Trousers , ₹832 , Smarty Pants , Formal Wear
Men Slim Fit Formal Trousers , ₹1263 , INVICTUS , Formal Wear
Women High-Rise Trousers , ₹899 , BROADSTAR , Formal Wear
Men Slim Fit Trousers , ₹1379 , Raymond , Formal Wear
Men Slim Fit Formal Trousers , ₹1034 , INVICTUS , Formal Wear
Men Slim Fit Formal Trousers , ₹1499 , BYFORD by Pantaloons , Formal Wear
Women Cotton Parallel Trousers , ₹1049 , Next One , Formal Wear
Women Parallel Trousers , ₹1199 , BROADSTAR , Formal Wear
Men Formal Trousers , ₹959 , Park Avenue , Formal Wear
Men Slim Fit Striped Trousers , ₹1209 , Park Avenue , Formal Wear
Women Cotton Bootcut Trousers , ₹791 , FITHUB , Formal Wear
Men Slim Fit Trousers , ₹1439 , Raymond , Formal Wear
Women Slim Fit Formal Trouser , ₹999 , Annabelle by Pantaloons , Formal Wear
Men Slim Fit Trousers , ₹1273 , Van Heusen , Formal Wear
Women Loose Fit High-Rise Trousers , ₹899 , Next One , Formal Wear
Men Solid Formal Trouser , ₹919 , Park Avenue , Formal Wear
Men Textured Formal Trousers , ₹1379 , Raymond , Formal Wear
Women Straight Formal Trousers , ₹839 , Next One , Formal Wear
Men Pleated Formal Trouser , ₹699 , DENNISON , Formal Wear
Men Textured Formal Trousers , ₹919 , Park Avenue , Formal Wear
Slim Fit Cotton Trousers , ₹1399 , BYFORD by Pantaloons , Formal Wear
Men Slim Fit Formal Trousers , ₹1379 , Raymond , Formal Wear
Women High-Rise Trousers , ₹899 , BROADSTAR , Formal Wear
Men Slim Fit Formal Trousers , ₹1379 , Raymond , Formal Wear
Men Slim Fit Trousers , ₹1319 , Park Avenue , Formal Wear
Women Slim Fit Formal Trousers , ₹1499 , Annabelle by Pantaloons , Formal Wear
Men Textured Formal Trousers , ₹1439 , Raymond , Formal Wear
Men Slim Fit Trousers , ₹1079 , Raymond , Formal Wear
Slim Fit Formal Trousers , ₹1499 , Raymond , Formal Wear
Men Checked Formal Trousers , ₹879 , Park Avenue , Formal Wear
Men Slim Fit Formal Trousers , ₹1439 , Raymond , Formal Wear
Men Checked Formal Trousers , ₹1379 , Raymond , Formal Wear
Men Slim Fit Trousers , ₹1429 , Park Avenue , Formal Wear
